{
  "species_id": "SP000002",
  "temperature_K": 298.15,
  "n_conformers": 6,
  "G_min_kcal_mol": -4977.899920386359,
  "G_boltzmann_kcal_mol": -4977.531533901785
}