E_elec_eV,H_eV,S_eV_per_K,TS_eV,G_eV,thermal_corr_eV,ZPE_eV,n_vib_modes,n_imag_freqs,geometry_model,symmetrynumber,temperature_K,pressure_Pa,E_elec_hartree,H_hartree,G_hartree,E_elec_kcal_mol,H_kcal_mol,TS_kcal_mol,thermal_corr_kcal_mol,G_kcal_mol,ZPE_kcal_mol,species_id,conformer_id
-223.84404230174232,-222.37861467878105,0.0024544801966667517,0.731803270636192,-223.11041794941724,1.465427622961272,1.354279756899106,18,3,nonlinear,1,298.15,101325.0,-8.226116827647672,-8.172263355806365,-8.199156629968172,-5161.966244098438,-5128.1726803068295,16.875784325109347,33.79356379160876,-5145.048464631938,31.230433110010946,SP000003,0
-223.84404194047397,-222.37864672452778,0.0024544683653912472,0.7317997431414003,-223.1104464676692,1.465395215946188,1.35406495264211,18,3,nonlinear,1,298.15,101325.0,-8.226116814371306,-8.172264533465835,-8.1991576779946,-5161.966235767392,-5128.173419299304,16.875702979146983,33.79281646808737,-5145.049122278452,31.225479606168268,SP000003,1
-223.84404216916207,-222.37865716835935,0.002454478102927796,0.7318026463879224,-223.1104598147473,1.465385000802712,1.3541164204743854,18,3,nonlinear,1,298.15,101325.0,-8.226116822775438,-8.172264917269567,-8.199158168490674,-5161.966241041065,-5128.173660139782,16.875769929602267,33.79258090128265,-5145.0494300693845,31.226666482576192,SP000003,2
-223.84404207602512,-222.37863394582664,0.0024544672574421996,0.7317994128063917,-223.11043335863303,1.4654081301984831,1.3541088149167764,18,3,nonlinear,1,298.15,101325.0,-8.226116819352718,-8.17226406385723,-8.199157196246407,-5161.966238893276,-5128.173124615456,16.875695361440716,33.793114277820116,-5145.048819976896,31.226491094251173,SP000003,3
-223.84404190416475,-222.37859595693465,0.002454448859916738,0.7317939275841755,-223.1103898845188,1.4654459472301085,1.3542781583622763,18,3,nonlinear,1,298.15,101325.0,-8.226116813036967,-8.1722626677912,-8.199155598602179,-5161.966234930082,-5128.172248570795,16.87556886921144,33.79398635928673,-5145.047817440006,31.230396246875923,SP000003,4
-223.84404236667203,-222.37861526618445,0.002454405987795911,0.7317811452613507,-223.1103964114458,1.4654271004875739,1.3541660135017335,18,3,nonlinear,1,298.15,101325.0,-8.226116830033796,-8.172263377393042,-8.199155838462321,-5161.966245595752,-5128.172693852674,16.87527410184455,33.79355174307906,-5145.047967954518,31.22781012495542,SP000003,5
