{
  "species_id": "SP000003",
  "temperature_K": 298.15,
  "n_conformers": 6,
  "G_min_kcal_mol": -5145.051970560768,
  "G_boltzmann_kcal_mol": -5145.047840907794
}