{
  "species_id": "SP000003",
  "temperature_K": 298.15,
  "n_conformers": 6,
  "G_min_kcal_mol": -5145.049430069389,
  "G_boltzmann_kcal_mol": -5145.048604299132
}