E_elec_eV,H_eV,S_eV_per_K,TS_eV,G_eV,thermal_corr_eV,ZPE_eV,n_vib_modes,n_imag_freqs,geometry_model,symmetrynumber,temperature_K,pressure_Pa,E_elec_hartree,H_hartree,G_hartree,E_elec_kcal_mol,H_kcal_mol,TS_kcal_mol,thermal_corr_kcal_mol,G_kcal_mol,ZPE_kcal_mol,species_id,conformer_id,boltzmann_weight
-210.765984999079,-209.67156219206183,0.0026431323790828,0.7880499188235557,-210.4596121108854,1.0944228070171675,0.9887033938615736,15,3,nonlinear,1,298.15,101325.0,-7.745507086400421,-7.705287790068962,-7.734248090426308,-4860.379078138794,-4835.141088650655,18.17286284594605,25.23798948813973,-4853.313951496601,22.800041904440175,SP000001,0,0.1667168860530388
-210.7659838553484,-209.67155285256064,0.0026431273096844,0.7880484073824328,-210.45960125994307,1.0944310027877862,0.9887117672408698,15,3,nonlinear,1,298.15,101325.0,-7.745507044369098,-7.705287446848624,-7.734247691661533,-4860.379051763741,-4835.14087327664,18.17282799128574,25.23817848710009,-4853.313701267926,22.800234999153947,SP000001,1,0.16664649010362542
-210.76598425180185,-209.67155463898965,0.002643128135512,0.7880486536029284,-210.4596032925926,1.0944296128121778,0.9886563433377668,15,3,nonlinear,1,298.15,101325.0,-7.745507058938491,-7.705287512498679,-7.734247766360025,-4860.379060906173,-4835.140914472672,18.17283366926526,25.23814643350109,-4853.313748141937,22.79895689358548,SP000001,2,0.1666596747406723
-210.76598391227375,-209.67154978167844,0.0026431271907734,0.7880483719291055,-210.45959815360757,1.0944341305953458,0.9887068857556844,15,3,nonlinear,1,298.15,101325.0,-7.745507046461066,-7.705287333995785,-7.734247577505808,-4860.37905307647,-4835.140802460414,18.17282717371259,25.238250616055925,-4853.313629634127,22.800122429431344,SP000001,3,0.16662634309309698
-210.76598470126035,-209.67156059461504,0.0026431294439224,0.7880490437054906,-210.4596096383205,1.0944241066453344,0.988631279443274,15,3,nonlinear,1,298.15,101325.0,-7.745507075455787,-7.705287731363875,-7.734247999561225,-4860.379071270933,-4835.141051812656,18.17284266524405,25.23801945827724,-4853.313894477899,22.79837890644771,SP000001,4,0.16670084256757622
-210.7659846422267,-209.6715536081872,0.0026431264679356,0.7880481564150017,-210.4596017646022,1.0944310340394736,0.9886967759880144,15,3,nonlinear,1,298.15,101325.0,-7.745507073286341,-7.705287474617389,-7.7342477102074145,-4860.379069909584,-4835.140890701803,18.17282220383929,25.238179207781123,-4853.313712905642,22.79988929265044,SP000001,5,0.1666497634419904
