{
  "species_id": "SP000001",
  "temperature_K": 298.15,
  "n_conformers": 6,
  "G_min_kcal_mol": -4853.313951496605,
  "G_boltzmann_kcal_mol": -4853.313773008887
}