{
  "species_id": "SP000001",
  "temperature_K": 298.15,
  "n_conformers": 6,
  "G_min_kcal_mol": -4853.315872590393,
  "G_boltzmann_kcal_mol": -4853.314414963038
}