E_elec_eV,H_eV,S_eV_per_K,TS_eV,G_eV,thermal_corr_eV,ZPE_eV,n_vib_modes,n_imag_freqs,geometry_model,symmetrynumber,temperature_K,pressure_Pa,E_elec_hartree,H_hartree,G_hartree,E_elec_kcal_mol,H_kcal_mol,TS_kcal_mol,thermal_corr_kcal_mol,G_kcal_mol,ZPE_kcal_mol,species_id,conformer_id
-300.3956488296149,-298.57297721056506,0.0027330900934233017,0.8148708113541574,-299.38784802191924,1.8226716190498564,1.692787349589432,24,3,nonlinear,1,298.15,101325.0,-11.039336479004437,-10.972354532455551,-11.002300482433544,-6927.288227945172,-6885.256421894561,18.791367321007883,42.03180605061104,-6904.0477892155695,39.03660364227392,SP000005,0
-300.3956484096608,-298.5729902206208,0.002733081547334043,0.814868263337645,-299.38785848395844,1.8226581890399984,1.6927772913502341,24,3,nonlinear,1,298.15,101325.0,-11.039336463571408,-10.97235501056628,-11.002300866906392,-6927.2882182608,-6885.2567219135735,18.791308562351222,42.031496347226344,-6904.048030475925,39.0363716937678,SP000005,1
-300.3956488545726,-298.57293544829037,0.0027330620218371585,0.8148624418107487,-299.3877978901011,1.8227134062822188,1.6928626896184795,24,3,nonlinear,1,298.15,101325.0,-11.039336479921614,-10.972352997720263,-11.002298640123207,-6927.28822852071,-6885.255458833628,18.791174314751785,42.03276968708164,-6904.04663314838,39.038341024617324,SP000005,2
-300.3956485524361,-298.57299644428866,0.0027330825932412716,0.8148685751748851,-299.38786501946356,1.8226521081474516,1.6927655413964497,24,3,nonlinear,1,298.15,101325.0,-11.039336468818304,-10.972355239281857,-11.002301107081776,-6927.288221553277,-6885.256865434764,18.791315753488817,42.03135611851292,-6904.048181188253,39.036100733396545,SP000005,3
-300.3956483093081,-298.57295969830625,0.0027330230026607117,0.8148508082432911,-299.38781050654956,1.8226886110018654,1.6928521369885678,24,3,nonlinear,1,298.15,101325.0,-11.039336459883515,-10.97235388889191,-11.002299103769136,-6927.288215946612,-6885.256018052279,18.79090603831299,42.03219789433308,-6904.046924090592,39.03809767519051,SP000005,4
-300.3956480832525,-298.57297926440714,0.0027330403711491843,0.8148559866581292,-299.38783525106527,1.8226688188453863,1.6927317826565038,24,4,nonlinear,1,298.15,101325.0,-11.039336451576125,-10.972354607932855,-11.002300013113317,-6927.288210733646,-6885.256469257284,18.79102545539605,42.03174147636192,-6904.04749471268,39.03532223835932,SP000005,5
