E_elec_eV,H_eV,S_eV_per_K,TS_eV,G_eV,thermal_corr_eV,ZPE_eV,n_vib_modes,n_imag_freqs,geometry_model,symmetrynumber,temperature_K,pressure_Pa,E_elec_hartree,H_hartree,G_hartree,E_elec_kcal_mol,H_kcal_mol,TS_kcal_mol,thermal_corr_kcal_mol,G_kcal_mol,ZPE_kcal_mol,species_id,conformer_id
-300.3956488296148,-298.57297721056494,0.002733090093423251,0.8148708113541422,-299.38784802191907,1.8226716190498564,1.6927873495890837,24,3,nonlinear,1,298.15,101325.0,-11.039336479004433,-10.972354532455547,-11.002300482433537,-6927.28822794517,-6885.256421894558,18.79136732100753,42.03180605061104,-6904.047789215565,39.03660364226588,SP000005,0
-300.39564840966074,-298.57299022062074,0.0027330815473340423,0.8148682633376446,-299.3878584839584,1.8226581890399984,1.6927772913503845,24,3,nonlinear,1,298.15,101325.0,-11.039336463571406,-10.972355010566279,-11.00230086690639,-6927.288218260798,-6885.256721913573,18.791308562351215,42.031496347226344,-6904.048030475923,39.036371693771265,SP000005,1
-300.3956488545726,-298.5729354482904,0.002733062021837084,0.8148624418107265,-299.3877978901011,1.822713406282162,1.6928626896185541,24,3,nonlinear,1,298.15,101325.0,-11.039336479921614,-10.972352997720266,-11.002298640123207,-6927.28822852071,-6885.255458833629,18.791174314751274,42.03276968708033,-6904.04663314838,39.038341024619044,SP000005,2
-300.39564855243617,-298.5729964442887,0.0027330825932412725,0.8148685751748853,-299.3878650194636,1.8226521081474516,1.6927655413961133,24,3,nonlinear,1,298.15,101325.0,-11.039336468818306,-10.972355239281859,-11.002301107081777,-6927.288221553278,-6885.256865434765,18.79131575348882,42.03135611851292,-6904.048181188255,39.036100733388785,SP000005,3
-300.39564830930806,-298.57295969830625,0.0027330230026606905,0.8148508082432848,-299.38781050654956,1.8226886110018086,1.6928521369883076,24,3,nonlinear,1,298.15,101325.0,-11.039336459883513,-10.97235388889191,-11.002299103769136,-6927.288215946611,-6885.256018052279,18.790906038312844,42.032197894331766,-6904.046924090592,39.0380976751845,SP000005,4
-300.3956480832525,-298.57297926440714,0.002733040371149262,0.8148559866581524,-299.38783525106527,1.8226688188453863,1.6927317826564905,24,4,nonlinear,1,298.15,101325.0,-11.039336451576125,-10.972354607932855,-11.002300013113317,-6927.288210733646,-6885.256469257284,18.791025455396586,42.03174147636192,-6904.04749471268,39.035322238359015,SP000005,5
