E_elec_eV,H_eV,S_eV_per_K,TS_eV,G_eV,thermal_corr_eV,ZPE_eV,n_vib_modes,n_imag_freqs,geometry_model,symmetrynumber,temperature_K,pressure_Pa,E_elec_hartree,H_hartree,G_hartree,E_elec_kcal_mol,H_kcal_mol,TS_kcal_mol,thermal_corr_kcal_mol,G_kcal_mol,ZPE_kcal_mol,species_id,conformer_id
-310.05511070368004,-307.7874155481085,0.002797425852277247,0.8340525178564612,-308.62146806596496,2.2676951555715164,2.1263806105212164,27,3,nonlinear,1,298.15,101325.0,-11.394315155457912,-11.310978895589642,-11.341629760279766,-7150.040710510092,-7097.7464179097715,19.233707981277156,52.29429260032001,-7116.980125891048,49.0355017750254,SP000004,0
-310.0551106070225,-307.78722760175447,0.0027970972949151363,0.8339545584789478,-308.6211821602334,2.267883005268061,2.126585087980843,27,4,nonlinear,1,298.15,101325.0,-11.394315151905815,-11.310971988688525,-11.341619253437923,-7150.040708281116,-7097.742083763885,19.23144898436655,52.29862451723215,-7116.97353274825,49.040217137263404,SP000004,1
-310.05511150887276,-307.7872347880137,0.002797142722104161,0.8339681025953556,-308.621202890609,2.2678767208590784,2.1267029250565783,27,4,nonlinear,1,298.15,101325.0,-11.394315185048198,-11.310972252778681,-11.341620015265176,-7150.040729078277,-7097.742249482959,19.231761319110795,52.29847959531822,-7116.97401080207,49.04293452478462,SP000004,2
-310.0551120352381,-307.78721041290214,0.002797036951891735,0.8339365672065207,-308.6211469801087,2.2679016223359554,2.1265625564713,27,4,nonlinear,1,298.15,101325.0,-11.394315204391768,-11.310971357009853,-11.341617960592187,-7150.04074121655,-7097.741687379533,19.23103409576821,52.29905383701679,-7116.972721475302,49.039697548309896,SP000004,3
-310.0551106964519,-307.78733906765757,0.002797119884839007,0.8339612936647499,-308.6213003613223,2.2677716287943213,2.1264702657396235,27,4,nonlinear,1,298.15,101325.0,-11.394315155192283,-11.31097608498491,-11.341623597247821,-7150.040710343406,-7097.744654228674,19.23160430144089,52.29605611473227,-7116.976258530115,49.03756927347774,SP000004,4
-310.0551109762809,-307.7876222609842,0.0027976538564563973,0.8341204973024748,-308.6217427582867,2.267488715296679,2.125980140936805,27,4,nonlinear,1,298.15,101325.0,-11.39431516547581,-11.310986492147709,-11.341639855036396,-7150.040716796417,-7097.751184821929,19.23527562454345,52.28953197448796,-7116.986460446473,49.026266727019376,SP000004,5
