{
  "species_id": "SP000004",
  "temperature_K": 298.15,
  "n_conformers": 6,
  "G_min_kcal_mol": -7116.986460446474,
  "G_boltzmann_kcal_mol": -7116.977224203739
}