{
  "species_id": "SP000004",
  "temperature_K": 298.15,
  "n_conformers": 6,
  "G_min_kcal_mol": -7116.987458926839,
  "G_boltzmann_kcal_mol": -7116.953212569861
}