E_elec_eV,H_eV,S_eV_per_K,TS_eV,G_eV,thermal_corr_eV,ZPE_eV,n_vib_modes,n_imag_freqs,geometry_model,symmetrynumber,temperature_K,pressure_Pa,E_elec_hartree,H_hartree,G_hartree,E_elec_kcal_mol,H_kcal_mol,TS_kcal_mol,thermal_corr_kcal_mol,G_kcal_mol,ZPE_kcal_mol,species_id,conformer_id
-281.81972756735536,-280.2101793252837,0.0027314033036864695,0.8143678949941208,-281.02454722027784,1.6095482420716394,1.4764941744602473,21,4,nonlinear,1,298.15,101325.0,-10.356683963828061,-10.29753415692291,-10.32746162506556,-6498.917307179023,-6461.800242957041,18.779769794232458,37.11706422198181,-6480.580012751273,34.04876453177089,SP000006,0
-281.8197260010029,-280.21027431154835,0.0027314680445558715,0.814387197484333,-281.0246615090327,1.609451689454545,1.4763806617678945,21,4,nonlinear,1,298.15,101325.0,-10.356683906265669,-10.297537647603752,-10.327465825099832,-6498.917271058076,-6461.8024333923395,18.780214920231245,37.11483766573714,-6480.58264831257,34.046146866899505,SP000006,1
-281.81972680684095,-280.2101898593248,0.0027315502975160185,0.8144117212044009,-281.02460158052924,1.6095369475161192,1.4764896429295344,21,4,nonlinear,1,298.15,101325.0,-10.356683935879671,-10.297534544041781,-10.327463622767953,-6498.917289641144,-6461.8004858777995,18.780780450650855,37.116803763344016,-6480.5812663284505,34.04866003219014,SP000006,2
-281.8197278181048,-280.2102702874942,0.0027314329705751435,0.8143767401769789,-281.02464702767116,1.609457530610598,1.4763917410097291,21,4,nonlinear,1,298.15,101325.0,-10.356683973042934,-10.29753749972249,-10.327465292919612,-6498.917312961442,-6461.802340595446,18.77997376899483,37.11497236599568,-6480.582314364441,34.04640236028576,SP000006,3
-281.81972710145936,-280.2101933193331,0.0027316322010383022,0.8144361407395697,-281.0246294600727,1.6095337821262774,1.4764484805571847,21,4,nonlinear,1,298.15,101325.0,-10.3566839467067,-10.29753467119474,-10.327464647322275,-6498.917296435206,-6461.800565667485,18.78134357850962,37.11673076772017,-6480.581909245995,34.04771080533375,SP000006,4
-281.81972690166,-280.210264517196,0.002731494826306022,0.8143951824631404,-281.02465969965914,1.6094623844639955,1.4764068226396054,21,4,nonlinear,1,298.15,101325.0,-10.356683939364206,-10.297537287667941,-10.32746575860658,-6498.917291827723,-6461.802207529208,18.78039905821696,37.11508429851412,-6480.582606587425,34.04675015093289,SP000006,5
