{
  "species_id": "SP000006",
  "temperature_K": 298.15,
  "n_conformers": 6,
  "G_min_kcal_mol": -6480.583638702836,
  "G_boltzmann_kcal_mol": -6480.579169612378
}