{
  "species_id": "SP000006",
  "temperature_K": 298.15,
  "n_conformers": 6,
  "G_min_kcal_mol": -6480.582648312567,
  "G_boltzmann_kcal_mol": -6480.581794372432
}